artist;title;year;lyrics
Torch (Triple C);Slowdown;0;"Oh this that vibe right here
No breaks... no time to breath on it
 You're now rockin' with the corner
Real D-Boy, ball like humanoid
Stuntin' like Meek used to, my man spit mad 
She like to get cut shawty the Kim K bath
Ain't hard to tell I'm next, you can smell a check
I ain't gotta squeeze I coach them hittas, Belichick
Hella fresh arrogant they tryna humble me
Pulled up black and yellow, transformer Bumble Bee
M's on my hood, VVS' on my neck
YSL on my clothes, I murdered the alphabet
I'm a G you ain't know somebody should've schooled you
Nicer than me? Only on April 1st they fooled you
It's Meek Milly north Philly no I'm alive
They say I'm lazy but super hotter than summertime
Goons with me honey shots it's rummytime
Running time and tell 'em catch up like Dungey
Ha! Ha! I'mma beast like Blake Griffin
We ain't slippin', Louis luggage I ain't tripping
Airshippin' G4 no retour
I tell 'em feed me beats so I can see more
 + 
 MMG we killin' 'em
We killin' 'em! MMG we killin' 'em
 MMG we killin' 'em
We killin' 'em! MMG we killin' 'em
 MMG we killin' 'em
We killin' 'em! MMG we killin' 'em
 MMG we killin' 'em
We killin' 'em! MMG we killin' 'em
Ha ha it's what we do
Maybach, we the untouchable
Firetruck ninja, where you at nigga?
Slow down you're murkin' 'em, you're too hot
Hotboy turkin 'em surround 'em circle 'em
Put 'em down like a straight R AR
Fifteen with me on my day off
My nigga I'm about that
How wet that shit I'mma rock that
Pass yo bitch I'm in then got that
You don't want these problems oh no not that
Aw man
One time for Hip-Hop, but fuck it, don't love it
You might fool the public, but we know you suckers
Suckers, fool blooded all around bustas
Fuck em, you and I ain't even no discussion
Trust it, truly I'm just tryna to get off
I ain't tryna eat small, I'm just tryna Warren Buffet
Buffet whatever ten sumthin' vuleva
Kinda cost me a grip though I be living out luggage
Aww man, I tried to tell y'all man top to bottom
MMG, we stronger than ever nigga
Breed talk to 'em
Gotta get street gutter hard like Breed
You greedy suckers not out my league
You lame nuddin it's MMG
When you go out there and hustle watch everybody eat
When you lookin like money guess everybody eats
The E ran shit these everybody's streets
Hard, soft, rerock or better
O's Pounds we cop whatever
Sixteenth get the money, still on the paper
Ross still flippin' dummy, every foe back and down
Every nigga hungry, famished they be grabbin' hammers
Goin' out huntin' these wolves on the prowl
Cock it to a crying out child now flip it down
Increased up cum pretty slugs too loud
Weed in the air passed by like a shoot cloud
We out here blue collar boys
How niggas makin' a new kinda noise?
Black blue and tan is unidentified, niggas all rappin'
All mad with saran, it's about full of pildis
We shootin' outside I'm tryna' kill ish
It's funny how these niggas won't ride when times are realest
A revolution everyone respects
I'm feeling Dickie shirts seven buttons to the neck {*echoes*}"
Torch (Triple C);Put Yourself In My Position;0;"Yeah
Real life
Birthdays was the worst day's now we sip champagne when we thirsty
And pour it on the models ima buy another bottle
Momma told me ""go get em"" and i got em
Cause back in the days we ain't had shit
Not a silver spoon
A pot that we can piss
If it wasn't for the oodles and noodles probably was the grits
Cause daddy he was dead,mama working a shift
So we was home alone just life Macaulay
Ice cream truck ride-in by we looking salty
Cold cold world when nobody's feelings sorry
Demons whispering all in my ear get em off me!
Get em off me!
No food in the fridge baby mama talking slick
Put yourself in my position whip it tryna to get rich
No whip to get to an interview, fuck a job then
Ski Mask everybody getting robbed then
Put yourself in my position intermission nah
Money non stop master culinary arts
Soon as the judge look at me throw the book at me
Self made society is shoo-kin me
I done did dat there for baby crib fare
For little gas money, a fit from adventurer
Picture me under age hustlin' at my church
So many times future in the church
Quick cocaine and i never had a hearse
Speed of year, Speed of life
Super man spirit
My life a real movie
All i do is at words
So once i hear the beat
All i do is add verbs
How the judge gonna blame us
Dead broke sellin' dope but we came up
In the kitchen whippen' trying make the cane fluff
Put em in my shoes bet they do the same stuff
Put yourself in my position, how that feel
Put yourself in my position, how that feel
Put yourself in my position, tell me how that feel
Put yourself in my position, Now tell me how that feel
Shimmy shimmy ya, Shimmy ya, Shimmy yay
We don't know nothing but a quarter brick of yay
Granny said nah til dem bills got paid
My lil brother trappin' now but I can't blame whats in his veins
Same crowd nigga keep saying young'n chains so he just sit up on my
Lap with my new mothafuckin chain
Stacks on deck like they sticking on x and i only sip syrrup and
Drive faster than a bitch
Living never easy to carry on
Spending time on the studio music turn me on
Use to live...
Magazine..
The outside..
Life is a test if you.. after run success
To all my niggas in the street doing it best
No sleep street work only hustle
Put yourself in my position, how that feel
Put yourself in my position, how that feel
Put yourself in my position, tell me how that feel
Put yourself in my position, Now tell me how that feel"
Stieber Twins;Fenster Zum Hof;0;"Ich weiss, das, was ich weiß, das weiß ich:
Rap ohne Weitsicht, uhh, ich weiß nicht
Oft sitz' ich vor mei'm Blackbook und spitz' meinen Bleistift
Aber heute nicht, heute reim' ich, heute text' ich
Was ich mein, mein ich ehrlich, gute Rapper sind spärlich
Ein falsches Rap-Image ist und bleibt mir zu gefährlich
Denn es geht nicht um Hip-Kleidung, Hop-Konsum
Der Kaufmonsun zerstört mein Hip Hop-Heiligtum
Modeboom, ich dreh' mich um und verstumm'
Welch Szenarium, welch Spektakulum!
Mir wird's zu dumm, zurück zum Minimum, sei 's drum, ich bild' mir meine eigene Meinung
Schwätz' nicht dumm rum. Was zählt ist nicht nur die Leistung, TPM heißt mein Forum, Style ist die Neigung
Ihr spielt mit Cans von Faust, wir mit Rustoleum
Achtung, Achtung: Stieber Twins nur im Doppelpack
Der Text steht im Zentrum, der Rest ist nur Schabernack
Rap verkauft sich, ach, mal schnell mitgemacht
Doch in zuviel deutschen Köpfen wird mir zuwenig nachgedacht
In zuviel deutschen Köpfen zuwenig nachgedacht!
Mit dem Blick, mit dem Blick, mit dem Blick
Durch 's Fenster zum Hof, denn dort spielt die Musik!
Stieber Twins ohne Pseudonym, weil ich kein Pseudo bin
Ich rap' auf deutsch, so steht 's in meinem Passport drin
Flashdance, Beatstreet, Breakin'
Ich denk', es war vorhin: vierundachtzig, mein Neubeginn
Jetzt mal' ich Skizzen, schreib' ich Texte, schlaue Beats und schlaue Sätze. Es gibt nichts, was ich mehr schätze
Wenn ich schreib', dann ohne Stress und Hetze
Lieber eine EP als Doppel-CD und Freestyle-Texte!
Luxus Chris, im Plattenbusiness
Bin ich lieber ehrlich der Letzte als durch Beschiss der Beste
Kein Freund, oh, den ich versetze, Spielregeln, die ich verletze. Writer, die Writer verpfeifen, sind das Letzte!
Du gibst, er mischt, ich setze auf Hip Hop, den Baum, nicht Rap, die Frucht und Dummgeschwätze
Abgestresse, Kampf um die besten Plätze
Es dreht sich wenig um den Kern, viel um Backstage-Pässe
Jams platzen, wachsen wie Küchenkresse, zuviel Yellow-Presse von der Party hin zur Medienmesse
Alles schön und gut, doch leider nicht in meinem Interesse
Du gibst, er mischt, ich passe. Fünfundneunzig war ich Klasse
Jetzt studiere ich Hip Hop im sechsundneunzigsten Semester. Props an Mode, Gor, Gawky und Props an Zebster!
Und Props an Zebster!
Stieber Chris, der nie vergisst, dass Fame das Hirn anfrisst
Dass man bei guten Kumpels nicht neben die Klobrille pisst
Mal kurz die Freundin des Freundes least, den Vogel abschießt und dann so tut als, ob nichts passiert ist
Weiß Gott, ich bin kein guter Christ, der zu human ist und seinem Nächsten sofort aus der Hand frisst
Doch wer vergisst, dass man Erfolg nicht nur am Geld misst:
Die Person zählt, nicht die Chartposition und Top-Ten-Hits!
Lügen bringt nichts, ich kenn' genug Kollegen im Hip Hop Showbiz, wo der Ruhm zu Kopf gestiegen ist
Heute hardcore und härter wie Onyx
Morgen smooth bei Sony, auf Seite B ein Dance-Mix
Alle rappen, doch viele erzählen nichts
Viele deutsche Platten hör' ich nur noch mit Q-Tips
Was ich hass', sind faule Tricks, miese Rapstyle-FX
Rapper mit Starallüren und trotzdem schlechten Lyrics
Ach, gegen den Verkauf von Hip Hop hab ich gar nichts
Was ich hass', ist der Verkauf von falschen Images!
//blickt durch's Fenster, das Fenster zum Hof!
Kane blickt durch's Fenster, das Fenster zum Hof!
Pussy A blickt durch's Fenster, das Fenster zum Hof!
Peso blickt durch's Fenster, das Fenster zum Hof!
Scotty blickt durch's Fenster, das Fenster zum Hof!
Aphroe blickt durch's Fenster, das Fenster zum Hof!
Modo blickt durch's Fenster, das Fenster zum Hof!
Too Strong blickt durch's Fenster, das Fenster zum Hof!
Can Two blickt durch's Fenster, das Fenster zum Hof!
TecRoc blickt durch's Fenster, das Fenster zum Hof!
No Remorze blickt durch's Fenster, das Fenster zum Hof!
Die Knightz blickt durch's Fenster, das Fenster zum Hof!
Ricks blickt durch's Fenster, das Fenster zum Hof!
STF blickt durch's Fenster, das Fenster zum Hof!
Cora E. blickt durch's Fenster, das Fenster zum Hof!
Rene blickt durch's Fenster, das Fenster zum Hof!
Sneck blickt durch's Fenster, das Fenster zum Hof!
Tatwaffe blickt durch's Fenster, das Fenster zum Hof!
Helge blickt durch's Fenster, das Fenster zum Hof!
Backjumps blickt durch's Fenster, das Fenster zum Hof!
Overkill blickt durch's Fenster, das Fenster zum Hof!
Steve blickt durch's Fenster, das Fenster zum Hof!
Point Blank blickt durch's Fenster, das Fenster zum Hof!
DJ Mirko! Storm! Swift! Trooper! Konkret Finn! Inka! Jay! MZEE!"
Stieber Twins;Malaria;0;"Ha, ha, ha, ha! Ha, ha, ha, ha! Yeah, yeah! Yeah, yeah!
Hier kommen drei MC's, bekannt für Rap-Parts, die Stil haben: Samy Deluxe, Luxus Chris und Maximilian!
Viele Rapper kommen nicht voran in ihren Texten
Es ist, wie wenn ein DJ immer nur mit einer Zeile backspinnt!
Wir sind wie Show & AG angekommen auf dem nächsten Level,
Also nick' zum Beat und lass dich von den Texten fesseln!
Wir studieren den Musikmarkt, planen unsere Invasionen
Denn dort ging Hip Hop verloren, und es gibt Props als Finderlohn
Viele behandeln Rap heutzutage wie 'n Leihwagen
Achten nicht auf echte MC's, wie uns, die das Leid tragen
Wollen nach kurzen Fahrten lieber in anderen Sparten einparken
Und schnell noch Miss Poprock auf 'ne Spritztour einladen
Und wo sie heiraten läuft auf allen Musikkanälen die Hochzeit
Und danach stehen noch mehr dieser Lackaffen im Spotlight
Die nix andres verkörpern können als Glamour und Luxus
HipHop ist schutzlos, du siehst, dass er zerstört wird, aber guckst bloß!
Und so sieht's aus! Die Täter konnten fliehen, blieben anonym
Fingen an sich rapmässig anzuziehen, und hüpften wie mit Trampolin
Meinen, dass sie Leute animieren, aber verlieren nur Kalorien
Sagen nichts wie Pantomimen; Musik ist nicht da, um sie anzuziehen!
Hör lieber hin, erkenn wer die Erfinder, und wer die Diebe sind
Wir sind die Effektiveren: Samy, Max und die Stieber Twins!
Yeah! Die euch den echten Rap wiederbringen, genauso so real sind, wie ihre Lieder klingen! Maximilian:
Ich lag im Fieber mit Malaria, vollgepumt mit Lariam,
Visionen wie Mohammed, als er am Berge Hira war
Raps kamen inflationär wie der serbische Dinar
Check Samy Deluxe, Chris, Mar und Maximilian!
Das Leben ist mehr, als Mics, Beats und Samsemilla
Dolce Vita, Deutschmarks und Senoritas
Auch wir lieben das, nur nichts währt ewig
Das Geschäft ist schnelllebig, doch Geld macht behäbig!
Was über den Äther geht ist bestenfalls medioker.
Ich geb keinen Eurocent auf Eurotrashbands im Medienpoker
Die die Charts mit ihrem Scheiss erobern. Zeit das wir Styles anfordern!
Wollt ihr Cyphers oder Seifenopern?
Hypokrisis im Hip Hop Bizz bringen die Scene in Misskredit!
Wisst ihr was 'n Bitchmove is?
Sich mit fremden Federn schmücken, Was? ins Licht der Szene rücken, Was? sich für die Medien bücken, Was? beissen wollen wie Tse-Tse Mücken!
Der Shit macht mich krank wie Malaria!
Ihr habt mehr als nur Musik auf dem Gewissen wie Frank Farian
Wir scheinen, aber blenden nicht, reflektieren und spenden Licht, aber brennen mit Esperanto international verständlich!
Also holt euch den Scheiss, weil auch Freundeskreis um die Fäulnis weiß!
Konstruier mein Rapkonzept am Reissbrett wie Architekt
Vergiss dein Papi, der sein Ferrari in der Garage pflegt
Ich geh' zu Steve, der für Kies auf der Strasse breakt.
Hip Hop lebt, wenn sich auch dein Arsch mitbewegt!
Stieber Twins und Mad Max, präziser wie Skinny Caps
Mit Metro schneller, als Stars in Yellow Cabs
Vergiss mal Midi, Synthi, Presets, ich komm wie Grandmaster Caz mit Klartext auf Crossbacks!
Scheiss auf Gesellschaft, in der nur der lacht
Der die Brüder Grimm tausendfach auf Tasche hat
Ach, deine Prachtyacht am Mittelmeer, millionenschwer
Umzäunt von Stacheldraht, weil Armut lange Finger macht
Ey, Yuppi mit Golfhobby, dir fehlt Profil, Mann, genau wie Dunlop, die ohne Pit Stops durchs Ziel fahren
Chris und Maximilian beobachten wie Sielmann
Tiger, wie Shirkan, die wegen Zebras am Nil waren
Überleg! Deine DNA ist seit diesem Jahr veränderbar
Wie Bomber der USA das Klima in Hiroshima
Doch eins ist klar egal, ob dein Scheiß oben oder unten war:
Evergreens sind immer da, der Rest Drosophila
Ah, ah, ah, ah, ah, ah, ah, ah, ah, ah...
Drei MC's, die schon seit Jahren lodern, die ihre Hörer Live on Stage erobern!
Es ist Zeit, dass wir Styles anfordern! Wollt ihr Cyphers oder Seifenopern?
Werd Teil der RGD-Community!"
OG Keemo;Vorwort;2018;"Ja, es war'n paar lange Wochen
Ich hab' euch ganzen Schmocks von Anfang an versprochen
Wenn ich dropp', sind eure Chancen nicht verhandlungsoffen
Während alle anderen Standardfloskeln zum Tanzen droppten
War ich jeden Samstag mit der Mannschaft mobben
Homes, das ist für alle, die zu lange auf 'nen Wandel hoffen
Meine Stadt behandelt Zonkey Mobb als wär'n wir allesamt Apostel
Dicka, glaub mir, kaum ist der Mulatto angetroffen
Ist der Schampus schneller angebrochen als dein Wangenknochen
Ich gleit' durch die Straßen wie ein Mantarochen, Nigga
Franky pumpt den Beat, Dicka, drück Play
Rapper-Egos brechen wie ein Glückskeks, denn 2017
War das beste Rap-Album mein Mixtape
Dicka, ich schreib' besser, wenn draußen kurze Tage zu langen Nächten werden
Und auch die letzten Blätter gänzlich von den Ästen sterben
Ich schrieb meine besten Verse
Als ich bereit war, mein Leben einfach so wegzuwerfen
Der Song könnt' mein bester werden
Denn guck, mir hat ein Vogel mal gezwitschert
Hätt' ich meinen Fokus nicht geändert
Wär' ich mittlerweile längst sicher unter der Erde oder hinter Gitter
Meine Depression ist stärker als der Großteil von euch Niggas
Deshalb lauf' ich rum, als ob niemand 'ne Chance hat
Ja, was nimmst du einem Sohn, der keine Mom mehr hat?
Unterschrieb den Vertrag 'nen Tag nachdem ich sie begraben hab'
Der Start meiner Karriere hat auf ewig einen Nachgeschmack, fuck
Betrunkene Gedanken von 'nem Rücksitz eines Taxis
Ich tippe ziemlich wacklig auf den Rissen von dem Touchscreen
Mit der Aussicht auf die Lippen einer Sluggy
Halt' in ihrer Straße, überlege kurz, ob ich nicht einfach dippe
Ich bin savage seit den Tagen, an den'n ich und meine Niggas Diebesphasen hatten
Homes, wir zogen Schlitten, so wie Huskeys
Und wenn nicht, dann eben Lichter oder Navis
Nicht mal zum Verticken, es war schlicht und einfach witzig, wenn wir abzieh'n
Ich war vierzehn, pumpte jeden Tag Sade in mei'm Zimmer
Mir war nix wichtig, außer Weed und Mädchen zu fingern
Dicka, ich führte schon seit immer ein scheiß Leben als Sünder
Also was hindert mich, die Szene zu plündern?
Dicka, seitdem die Chimperator Sache läuft, trag' ich nur Hili an mir
Bin statt zum Philosoph lieber zu einem Killer mutiert
Hab' seitdem ich Rap studier' gebastelt, um mein'n Hustle zu perfektionier'n
Jetzt kommt jeder Spasti zurück und will was von mir
Denn Manager reiten Schwanz für 'ne bereicherte Kasse
Sluggys reiten Schwanz fürs Anseh'n in der breiteren Masse
Rapper reiten Schwanz, aus Angst sich Feinde zu machen
Ich hab' nur Kopf für meine eigene Tasche, denn ich bin schwer beschäftigt
Fünf Niggas in weißer Maske und Vans
Steigen nachts durch dein Fenster und schleichen über dein'n Perserteppich
Ich schwör', ich könnte mich noch nicht einmal beschwer'n
Denn ich komm' aus 'ner Stadt, wo alles fair ist, solang es dein Erbe festigt
Ich trink' viel und schlafe wenig seit August
Ich kill' für paar volle Mägen einfach jeden, wenn ich muss
Die Gedanken hier entsteh'n aus einem Guss
Denn alles, was ich sehe, macht mir Druck, Stress, Probleme oder Frust
Also was denkt ihr?
Was macht ihr, wenn das, was ihr liebt, zutun zur gleichen Zeit zu eurem größten Laster wird
Nicht, dass ich scheiße leb', doch du weißt eben bei Musik nie, was passiert
Homes, ich weiß noch, wie ich damals meine kleine Schwester weckte
Weil ich nachts im Hochbett zu „Protect Ya Neck“ versucht' den Text zu rappen
Mom war bis um sechs Uhr weg, ich mittags alleine
Rappte mit Discman zu „Get Rich or Die Tryin’“ bis zu den letzten Sätzen
Fünf Jahre später ist Franky mit mir
Nochmal sieben Jahre später auf 'ner Bühne
Wir hab'n eben erst die Szene hier betreten
Doch aufgrund meiner Probleme
Überleg' ich mir schon, wann ich meinen Dienst quittier'
Ich leb' zwischen Behandlung meiner Psyche
Und der Angst, dass die Familie friert
Zwischen dem Drang, mich an mein Ziel zu führ'n
Und Akzeptanz, dass jeder Mann mal müde wird
Zwischen Seelenfrieden und den Lamborghini-Flügeltür'n
Ich rede wenig und guck, wie ich Worte wähl'
Ich stell' mir jeden Morgen vor
Wie meine Brüder sich mein'n Lebensweg als Vorbild nehm'n
Und schwör', solang ich morgen leb'
Wird keiner von ihn'n jemals einmal durch dieselben Pforten geh'n
Der Musik-Scheiß ist das Einzige hier
Was ich beherrsch', was mir eventuell mal Scheine kassiert
Doch mir ein'n Scheiß garantiert, denn niemand weiß, was passiert
Geh' ich zurück und knacke Häuser oder bleibe ich hier?
Doch was ist, wenn der Scheiß funktioniert?
Was ist, wenn der Scheiß funktioniert?
Geh' ich zurück oder bleibe ich hier?
Was ist, wenn der Scheiß funktioniert, ja?"
OG Keemo;216;2019;"Mein Vater sagte: „Halt ihn'n nie die andre Wange hin!
Sie werden uns nie lieben, weil wir anders sind“
Ihr habt nicht verstanden, wie ihr dieses Schiff zum Schwanken bringt
Zwing mich nicht die Stammeshymne anzustimm'n
Denn meine Brüder bluten wieder, ihr Niggas fickt mit einem Meisterplan
Der letzte echte Rudelführer seiner Art
Ich fühl' mich wie 'n Zulu-Krieger mit 'ner scharfen Toolie unter meinem Arm
Blutbemalung wie ein Voodoo-Priester
Ich denke an blaues Licht auf schwarzer Haut
Ich bin der Sohn von meinem Vater
Ich mag meine Nase breit und meine Haare kraus
Ich mag meine 38er mit scharfem Lauf
Sag ihn'n, ich bin weit entfernt vom Sklavenhaus
Ich schlaf' nicht, denn mich plagen Träume
Schwarze Früchte hängen von Ahornbäumen
Ich wache auf und sehe keinen Gott
Sondern Schwarze im Sarg und wenn nicht, dann im Fadenkreuz von 'nem weißem Cop
Ich hab' seit ich dreizehn bin, das gleiche Bild in meinem Kopf
Mein Vater sagte: „Halt ihn'n nie die andre Wange hin!
Martin Luther tat es, und guck, wie sie ihn behandelten, Nigga“
Doch paar aus unsern Reihen tun, als ob ein Kampf nix bringt
Lass' mich euch erinnern, denn ein großer Teil ist lange blind
My Nigga, diese Ketten steh'n für 'n schnelles Leben
Wir beide tragen eine Farbe, aber haben nicht dieselben Gene
Sag mir, warum schmücken sich Niggas aus dem Haus
Mit Goldketten, so als wär'n sie auch nur ein'n Tag auf dem Feld gewesen?
Meine Art von Nigga plottet jeden Tag
Deine Art von Nigga hofft auf einen Plan
Wegen euch kämpfen wir doppelt hart
Ihr Daniel-Aminati-Niggas glättet euch die Locken aus den Haar'n, ihr habt nix begriffen
Den'n ist egal, wie viel Summe ihr macht
Ob ihr trappen seid oder, ob ihr 'nen Uni-Platz habt
Mit dieser Farbe stehst du automatisch unter Verdacht
Und wer das nicht rafft, verschwendet unnötig Platz
Mein Vater sagte: „Ganz egal, wie sanft sie schlagen, geb ihn'n nie die andre Wange!
Mandela tat's und war fast drei Jahrzehnte lang gefangen“
Ich bin gepolt, um bei Sirenenlicht zu bangen
Also red nicht, wenn du nicht verstehst, weswegen ich so handel', Nigga
Deshalb schrei' ich auch weiterhin: „Fick die Hundertzehn!“, ich bin ein junger König
Was weißt du von Polizeikontrollen, wenn ein junger Nigga spät im Dunkeln unterwegs ist?
Und allein dein Hautton ist Grund genug nicht lang rumzureden
Und der Bulle tut so, als wäre es unpersönlich
Obwohl er der Großvater von zwei gesunden dunklen Babys ist
Und nur aufgrund des Fakts, dass sein Mädchen auf Dschungel-Penis steht
Fast alles unternehmen wird, um uns das heimzuzahl'n
Und du dich fragst, ob du wirklich verweigerst
Weil du weißt, dass du mit dem Gramm in der Tasche, eine von zwei Möglichkeiten hast
Entweder küsst du die Motorhaube vom Streifenwagen
Oder guckst, wie weit dich deine Beine tragen
Lauf! 
Wer ist der Nigga ohne Ketten um den Hals? 
Wer ist der Nigga ohne Ketten um den Hals? 
Wer ist der Nigga ohne Ketten um den Hals? 
Wer ist der Nigga ohne Ketten um den Hals?"
Hiob;Mein Käfig;2014;"Sie sagen: Mach deinen Weg!
Sie meinen: Schweigen ist Gold!
In dieser stürmischen Zeit trägst du dein eigenes Kreuz
Es sind die hölzernen Phrasen, vor denen wir kapitulieren
Dieselben simplen Lügen, die sie den Massen servieren!
Für diese große Maschine bist du ein Stapel Papier
Nur eine weitere Zelle mit deinem Namen an der Tür
Du kannst auf der Straße krepieren und niemand schert sich einen Dreck
Doch nimmst du dir deinen Teil von der Torte so sperrt man Dich weg
Die selbe Gosse, die selbe Kausalität
Jeder verwirrte Mutant hält dir den Lauf in dein Face
Es ist ein Hauen und Stechen, doch pfeif das richtige Lied
Und du bekommst einen Job in der Faschistenfabrik
Die Menge nickt zu dem Beat, hörst du sie bitten und flehen?
Hunderte blinde Mutanten mit einem Chip in der Stirn
Komm, friss deine Pillen, hüte den Glauben an Gott!
Doch steht dein Viertel in Flammen ziehen sie einen Zaun um den Block
Refrain:
Komm, leere den Becher voll Gift
Denn das Gedankenkartell hat deine Fesseln gestrickt
Vergiss den Wetterbericht
Denn vor den Toren der Stadt bauen sie ein Ghetto für dich
Leere den Becher voll Gift
Denn das Gedankenkartell hat deine Fesseln gestrickt
Vergiss den Wetterbericht
Denn vor den Toren der Stadt bauen sie ein Ghetto für Dich
Sie sagen: Mach deinen Weg!
Sie meinen: Schweigen ist Gold!
In dieser stürmischen Zeit trägst du dein eigenes Kreuz
Du sollst buckeln und kriechen um dich zu assimilieren
Dieselben simplen Lügen, die sie den Massen servieren
Komm und dann gib dir die Pfeife auf deiner Couchgarnitur
Doch bald zählst du die Tage und gehst den Lauf der Natur
Über den neuen Toshiba flackert die Filmindustrie
Doch vor den Toren der Stadt liegt nur die Mülldeponie
Wie viele führen ein Leben wie ein geknebeltes Tier?
Wie viele schlucken die Lügen? Wie viele degenerieren?
Sie haben Pläne mit dir
Glaub mir dein Schein ist gedruckt
Nimm von der Medizin und bald wächst dir ein Stein in der Brust
Du hast nur einen Schuss, setz' ihn direkt unters Kinn
Und plötzlich kommt der Moment in dem die Ketten zerspringen!
Das ist die Stunde der Wahrheit, vorbei das Hoffen und Bangen
Verdammt ich klopfe nicht an, ich sprenge ein Loch in die Wand!
Refrain:
Komm, leere den Becher voll Gift
Denn das Gedankenkartell hat deine Fesseln gestrickt
Vergiss den Wetterbericht
Denn vor den Toren der Stadt bauen sie ein Ghetto für dich
Leere den Becher voll Gift
Denn das Gedankenkartell hat deine Fesseln gestrickt
Vergiss den Wetterbericht
Denn vor den Toren der Stadt bauen sie ein Ghetto für Dich
 auf dem Wege der Wahrheit. Oh mein Gott)"
Hiob;Letzte Nacht;0;"I'm trippin', must be the brew that i was sippin'
Letzte Nacht haben wir geweint und gelacht
Ich hab mein Nettogehalt gleich in der Kneipe verprasst
Du hast die Pfeife gepafft und noch zwei Wodka bestellt
Doch irgendwann gab es Streit von wegen Gott und der Welt
Das ganze Geld ist versoffen, mein Handy liegt im Bordell
Ich werf einen Blick in den Spiegel und werde spirituell
Ein neues, müdes Kapitel füllt das vergilbte Papier
Wahrscheinlich hat mir der Wein wieder die Feder geführt
So viel vernebelte Bilder regnen die Decke herab
Ich denk an Schampus und Döner und diese Göttin der Nacht
Sie hatte Locken wie Pech und ein geflügeltes Ross
Doch ich habe das Sushi vor ihre Füsse gekotzt
Der Wodka stieg mir zu Kopf, zu viel zerbrochenes Glas
Wir haben die Cops in zivil quer durch die Gosse gejagt
Doch auf der Pappelallee schlug ich den Weg in die Dornen
Ein paar Bekannte gemacht und ein paar Zähne verloren
Der nächste Morgen erwacht und wirft ein strahlendes Licht
Auf die verschiedensten Farben in meinem Narbengesicht
So viele Krokodilstränen perlen von den Wangen
Doch mit dem Tag kehr ich die Scherben zusammen
Alle zusammen
2x
Mir ist als war es letzte Nacht
Das Morgenrot hat mich ins Bett gebracht
In meinem Schädel klafft ein Schwarzes Loch
Doch drauf geschissen denn ich atme noch
Ja ich atme noch
I'm trippin', must be the brew that i was sippin'
Letzte Nacht schuf ich wieder die Anekdoten anderer
Der Zeig nackter Finger schmerzt heute deutlich spürbar
Im Nacken, unterdrückt den Stolz
Wider besseren Wissens war ich wieder drüber, wieder randvoll
Fetzen von geglaubt gewesenden
Machen aus 10 Stunden ein Snippet mit Schüssen und Sirenen
Einzelne Szenen, die jede für sich keinen Sinn ergeben
Passen perfekt zu dem Geschmack in meiner Kehle
Da war ein Mädchen, ihr Name liegt mir auf der Zunge
Las ihn ab von ihrem Ausweis als sie sich die Nase pudert
Ich fand weißes Zeug in ihrer Handtasche
Ihr Freund fand meinen Kopf mit einer Pfandflasche
Der Türsteher wischte mir das Blut von der Stirn mit der Faust
Nächste Szene, reiß die Taxitür auf und lauf
In den Sonnenaufgang
Keine Schuhe an meinen Füssen, dafür Ouzo im Arm
Anis mein Kryptonit
Wie viele Male brachtest du mich schon in Misskredit
Und es ist weder romantisch noch märchenhaft
Wenn wir bewusstlos 20 Schleifen Ringbahn fahren
2x
Mir ist als war es letzte Nacht
Das Morgenrot hat mich ins Bett gebracht
In meinem Schädel klafft ein Schwarzes Loch
Doch drauf geschissen denn ich atme noch
Ja ich atme noch
I'm trippin', must be the brew that i was sippin'
Du wolltest mit zu mir nach Hause gehen 
Es wurde spät wir lachten tausend Tränen
 erzähltest du von deinen Hautproblemen
Wie sollen wir uns jemals wieder in die Augen sehen? 
Du wolltest mit zu mir nach Hause gehen 
Es wurde spät wir lachten tausend Tränen
 erzähltest du von deinen Hautproblemen
Wie sollen wir uns jemals wieder in die Augen sehen?"
Morlockk Dilemma;Napalmregen;2015;"Yo, ich bin zurück in dem Mutterfick
Und Rapper wagen keinen Schritt ohne Schulterblick
In meiner Gegend ist Leben nichts wert
Und die Wege des Herrn führ'n in den Gegenverkehr 
Ich treffe deine Freundin im Sommerkleid
Näh' ihre Titten auf ihr Kreuz für den Doggy-Style
Deine Sarah wird so brutal in den Mund gebumst
Doch ich tat's für den Untergrund
Sie gibt mir Schädel wie Guillotinen
Auf dem Bettvorleger mit Tiermotiven
Sieh', das sind niedere Triebe
Und über ihrer Vagina klebt jetzt ein Kriposiegel
Rapper werden geopfert für Luzifer
Bin so abgehoben, ich boxe den Jupiter
Zieh' eine Mac-10 im Lapdance-Club
Der Letzte, der nach meinem Mic griff, war Captain Hook
Über der Szene kreisen Rabenvögel
Stapelt die Leichen in den Straßengräben
Ein kurzes Brennen in den Atemwegen
Denn das ist Napalmregen über Ferropolis
Liebesgrüße aus der Stratosphäre
Stapelt die Leichen in den Straßengräben
Ein kurzes Brennen in den Atemwegen
Denn das ist Napalmregen über Ferropolis
Ich lass' es nicht zu mich maßregeln zu lassen
Denn aus mir sprechen drei Jahrzehnte des Hasses
Nach einem Jab bist du sprachfehlerbehaftet
Und suchst die Polypen wie bei der Darmkrebsprophylaxe
Einhundert Kilo Zorn in Wu-Tang-Boots
Zieh'n eine Schneise der Gewalt durch das Gutmensch'tum
Ihr habt in Schampus gebadet als ich das Buß-Hemd trug
Jetzt schlag' ich Rappern die Fresse blau wie bei Blue Man Group
Sieh' her, am Mikro regiert 'ne riesige Rivalität
Doch verzieh' ich die Miene flieh'n sie ins Krisengespräch
Diese Verlierer mieten sich Beamer zum Videodreh
Schiel'n auf den Titel doch überspiel'n ihre Identität
Wirst auf der Bühne niedergeprügelt vertieft ins Gebet
Und spürst die wütenden Riemenhiebe im Nierengefäß
Ja du kriegst mies auf den Kiefer, dass nicht mal ein Bibelkapitel zitierender Priester dich je wieder wiederbelebt
Über der Szene kreisen Rabenvögel
Stapelt die Leichen in den Straßengräben
Ein kurzes Brennen in den Atemwegen
Denn das ist Napalmregen über Ferropolis
Liebesgrüße aus der Stratosphäre
Stapelt die Leichen in den Straßengräben
Ein kurzes Brennen in den Atemwegen
Denn das ist Napalmregen über Ferropolis"
Morlockk Dilemma;Der Baum;2011;"Hörst du die bärtigen Greise?
Sie singen ein Lied;
Ein Lied so alt wie die Welt;
Ein Lied von Reichtum und Ruhm;
Ein Lied von einem fernen Land von
Steilen Felsen, Wüsten und reißenden Strömen
Siehst du den endlosen Zug der armen Teufel?
Es ist ein steiniger Ritt
Dort wo die sengende Glut alles im Keime erstickt
Über den Spuren im Sand hängt dieser faulige Duft
Doch zwischen all den Kadavern, da ragt ein Baum aus dem Schutt
Weit in der Flur leuchtet sein prächtiges Kleid
Die Sonne wütet am Horizont doch er wächst und gedeiht
Hast du die Hacke geschliffen so schlage sein Holz
Und jeder einzele Span schimmert im platinem Gold
Ernte die herrliche Frucht, Blüten aus funkelnden Steinen
In mannigfaltigen Formen - Es müssen Hunderte sein!
All dieser Prunk ist dein, vorbei die Plagen und Mühen
Dort vor den Toren von Babel führt ein Pfad in die Dünen
Siehe wie die Karawanen ziehen, Krieger in Seide und Samt,
Sie alle folgen dem Ruf in das verheißene Land
Die letzten steinigen sieben Meilen gehst du allein
Doch kehrst du Heim wirst du ein König sein. 
Siehst du den Baum; majestätisch, stolz, güldene Pracht?
Er funkelt über dem Horizont in finsterer Nacht
Folge der Spur, ernte seine kostbare Frucht!
Werde ein König, in Mitte der Dünen trockener Schlucht!
Und die Jünger erhörten die Stimme der Zierze
Und folgten der Legende des Baumes, wie einem schillernden Irrlicht
Die brütende Hitze gerbt ihre Haut wie trocknes Papier
Doch sie wagten die Odysse, folgten dem Lockruf der Gier
Die Glut peitschte den Schweiß über die tobende Stirn
Doch die salzige Perle verdunstet, bevor sie den Boden berührt
Nur eine Hand voll bezwingt den Druck der Tortur
Selektiert durch die garstige Prüfung von Mutter Natur
Doch ihr Lohn ragt wie ein Pfahl ins Himmelszelte empor
In güldener Pracht, so wie es die Legende beschwor:
Smaragdete Früchte, funkelnde, rubinrote Trauben
Doch jedes goldene Blatt nährte die Gier in den Augen
So hob der ersteste Recke das Schwert zum tödlichen Stoß
Doch das Blut tränkte des Baume's Schoß in rötlichem Ton
Sie kreuzten die Klingen, zogen ins Feld am Fuße des Stammes
Und fanden den Exitus in der trockenen Glut der Savanne
Der Kreuzzug ins Glück gebändigt von dem Fluch ihres Schicksals
Die Wurzel durchzogen vom Strom eines purpurenen Rinnsals
Denn mit jedem Tropfen kostbaren Bluts
Fügten die Äste eine weitere goldene Knospe hinzu
Siehst du den Baum; majestätisch, stolz, güldene Pracht?
Er funkelt über dem Horizont in finsterer Nacht
Folge der Spur, ernte seine kostbare Frucht!
Werde ein König, in Mitte der Dünen trockener Schlucht!"
